{
  "model": "google/gemma-3-4b-pt",
  "n_layers": 34,
  "n_samples": 84,
  "probes": {
    "task_type": {
      "accuracies": [
        0.6666666865348816,
        0.6666666865348816,
        0.6666666865348816,
        0.7222222089767456,
        0.8333333134651184,
        0.7777777910232544,
        0.8888888955116272,
        0.8333333134651184,
        1.0,
        0.9444444179534912,
        0.8333333134651184,
        0.8888888955116272,
        0.8888888955116272,
        0.8333333134651184,
        0.9444444179534912,
        0.8888888955116272,
        0.9444444179534912,
        0.9444444179534912,
        0.8888888955116272,
        0.8333333134651184,
        0.8888888955116272,
        0.8888888955116272,
        0.9444444179534912,
        0.8888888955116272,
        0.9444444179534912,
        0.8333333134651184,
        0.8333333134651184,
        0.8333333134651184,
        0.8888888955116272,
        0.8333333134651184,
        0.7777777910232544,
        0.8888888955116272,
        0.7777777910232544,
        0.8888888955116272
      ],
      "classes": [
        "code",
        "conversational",
        "factual",
        "grammar",
        "instructional",
        "narrative",
        "reasoning"
      ],
      "first_80": 4,
      "first_90": 8,
      "final_acc": 0.8888888955116272
    },
    "relation": {
      "accuracies": [
        0.8888888955116272,
        0.8888888955116272,
        0.9444444179534912,
        0.9444444179534912,
        0.9444444179534912,
        0.9444444179534912,
        0.9444444179534912,
        0.9444444179534912,
        0.9444444179534912,
        0.9444444179534912,
        0.9444444179534912,
        0.9444444179534912,
        0.9444444179534912,
        0.9444444179534912,
        0.9444444179534912,
        0.9444444179534912,
        0.9444444179534912,
        0.9444444179534912,
        1.0,
        0.9444444179534912,
        0.9444444179534912,
        0.9444444179534912,
        0.9444444179534912,
        0.9444444179534912,
        0.9444444179534912,
        0.9444444179534912,
        1.0,
        0.9444444179534912,
        0.9444444179534912,
        0.9444444179534912,
        0.9444444179534912,
        0.9444444179534912,
        0.9444444179534912,
        0.9444444179534912
      ],
      "classes": [
        "capital_of",
        "currency_of",
        "language_of",
        "none",
        "president_of",
        "science"
      ],
      "first_80": 0,
      "first_90": 2,
      "final_acc": 0.9444444179534912
    },
    "entity_presence": {
      "accuracies": [
        1.0,
        0.9444444179534912,
        1.0,
        1.0,
        1.0,
        1.0,
        1.0,
        1.0,
        1.0,
        1.0,
        1.0,
        1.0,
        1.0,
        1.0,
        1.0,
        1.0,
        1.0,
        1.0,
        1.0,
        1.0,
        1.0,
        1.0,
        1.0,
        1.0,
        1.0,
        1.0,
        1.0,
        1.0,
        1.0,
        1.0,
        1.0,
        1.0,
        1.0,
        1.0
      ],
      "classes": [
        "no_entity",
        "has_entity"
      ],
      "first_80": 0,
      "first_90": 0,
      "final_acc": 1.0
    },
    "entity_identity": {
      "accuracies": [
        1.0,
        0.5,
        1.0,
        0.0,
        0.5,
        0.5,
        0.0,
        0.5,
        0.5,
        0.5,
        0.5,
        0.5,
        0.5,
        0.5,
        0.5,
        0.5,
        0.5,
        0.5,
        0.5,
        0.5,
        0.5,
        0.5,
        0.5,
        0.5,
        0.5,
        1.0,
        1.0,
        0.5,
        0.5,
        0.5,
        0.5,
        0.5,
        0.5,
        0.5
      ],
      "classes": [
        "Brazil",
        "France"
      ],
      "first_80": 0,
      "first_90": 0,
      "final_acc": 0.5
    }
  }
}