{
  "model": "google/gemma-3-4b-pt",
  "n_layers": 34,
  "n_samples": 84,
  "probes": {
    "task_type": {
      "accuracies": [
        0.0,
        0.0,
        0.0,
        0.0,
        0.0,
        0.0,
        0.0,
        0.0,
        0.0,
        0.0,
        0.0,
        0.0,
        0.0,
        0.0,
        0.0,
        0.0,
        0.0,
        0.0,
        0.0,
        0.0,
        0.0,
        0.0,
        0.0,
        0.0,
        0.0,
        0.0,
        0.0,
        0.0,
        0.0,
        0.0,
        0.0,
        0.0,
        0.0,
        0.0
      ],
      "classes": [
        "code",
        "conversational",
        "factual",
        "grammar",
        "instructional",
        "narrative",
        "reasoning"
      ],
      "first_80": null,
      "first_90": null,
      "final_acc": 0.0
    },
    "relation": {
      "accuracies": [
        0.7647058963775635,
        0.6470588445663452,
        0.8823529481887817,
        1.0,
        1.0,
        0.9411764740943909,
        1.0,
        1.0,
        1.0,
        1.0,
        1.0,
        1.0,
        1.0,
        1.0,
        1.0,
        1.0,
        1.0,
        1.0,
        1.0,
        1.0,
        1.0,
        1.0,
        1.0,
        1.0,
        1.0,
        1.0,
        1.0,
        1.0,
        1.0,
        1.0,
        1.0,
        1.0,
        1.0,
        1.0
      ],
      "classes": [
        "capital_of",
        "currency_of",
        "language_of",
        "none",
        "president_of",
        "science"
      ],
      "first_80": 2,
      "first_90": 3,
      "final_acc": 1.0
    },
    "entity_presence": {
      "accuracies": [
        1.0,
        1.0,
        1.0,
        1.0,
        1.0,
        1.0,
        1.0,
        1.0,
        1.0,
        1.0,
        1.0,
        1.0,
        1.0,
        1.0,
        1.0,
        1.0,
        1.0,
        1.0,
        0.9411764740943909,
        1.0,
        1.0,
        1.0,
        1.0,
        1.0,
        1.0,
        1.0,
        1.0,
        1.0,
        1.0,
        1.0,
        1.0,
        1.0,
        1.0,
        1.0
      ],
      "classes": [
        "no_entity",
        "has_entity"
      ],
      "first_80": 0,
      "first_90": 0,
      "final_acc": 1.0
    },
    "entity_identity": {
      "accuracies": [
        0,
        0,
        0,
        0,
        0,
        0,
        0,
        0,
        0,
        0,
        0,
        0,
        0,
        0,
        0,
        0,
        0,
        0,
        0,
        0,
        0,
        0,
        0,
        0,
        0,
        0,
        0,
        0,
        0,
        0,
        0,
        0,
        0,
        0
      ],
      "classes": [
        "Australia",
        "Brazil",
        "Canada",
        "China",
        "Egypt",
        "France",
        "Germany",
        "India",
        "Italy",
        "Japan",
        "Mexico",
        "Russia",
        "Spain",
        "United States"
      ],
      "first_80": null,
      "first_90": null,
      "final_acc": 0
    }
  }
}