{
  "per_layer": {
    "-1": {
      "mean_attn_logit": 0.0,
      "mean_ffn_logit": 0.0,
      "mean_residual_logit": -7.521214885226751,
      "mean_attn_norm": 0.0,
      "mean_ffn_norm": 0.0
    },
    "0": {
      "mean_attn_logit": -3.3112814830521407,
      "mean_ffn_logit": 34.94935635388908,
      "mean_residual_logit": 11.17842192771071,
      "mean_attn_norm": 724.8687557931673,
      "mean_ffn_norm": 337.92906007928366
    },
    "1": {
      "mean_attn_logit": 3.4336465112233565,
      "mean_ffn_logit": 6.306210243095786,
      "mean_residual_logit": 12.186741093457755,
      "mean_attn_norm": 94.70807634773901,
      "mean_ffn_norm": 88.45522243693723
    },
    "2": {
      "mean_attn_logit": 1.9452634332543712,
      "mean_ffn_logit": 6.1527544967198775,
      "mean_residual_logit": 11.325427988828238,
      "mean_attn_norm": 313.25728697695973,
      "mean_ffn_norm": 126.64973294532905
    },
    "3": {
      "mean_attn_logit": 1.212066986298157,
      "mean_ffn_logit": 5.593724555888419,
      "mean_residual_logit": 11.583493495391586,
      "mean_attn_norm": 404.65186219296214,
      "mean_ffn_norm": 253.7416361146054
    },
    "4": {
      "mean_attn_logit": 0.9661636839983827,
      "mean_ffn_logit": 6.193450978246786,
      "mean_residual_logit": 5.640118574692031,
      "mean_attn_norm": 1700.4923033633474,
      "mean_ffn_norm": 160.28723299705376
    },
    "5": {
      "mean_attn_logit": 1.5661895254911002,
      "mean_ffn_logit": 1.5944478168325908,
      "mean_residual_logit": 5.515520350407746,
      "mean_attn_norm": 1191.4077686374471,
      "mean_ffn_norm": 615.0957657118975
    },
    "6": {
      "mean_attn_logit": 5.973881371950699,
      "mean_ffn_logit": 15.217261839721163,
      "mean_residual_logit": 6.536206256535094,
      "mean_attn_norm": 517.9971804861295,
      "mean_ffn_norm": 370.0151468050682
    },
    "7": {
      "mean_attn_logit": 1.6809559118444637,
      "mean_ffn_logit": -1.4274045026908486,
      "mean_residual_logit": 4.485974831601321,
      "mean_attn_norm": 1214.8304836467162,
      "mean_ffn_norm": 941.8325091863082
    },
    "8": {
      "mean_attn_logit": 1.046111640283617,
      "mean_ffn_logit": -0.5844341344752554,
      "mean_residual_logit": 3.0952736710087727,
      "mean_attn_norm": 1713.9807211665784,
      "mean_ffn_norm": 1472.769071934587
    },
    "9": {
      "mean_attn_logit": 0.7004380069546781,
      "mean_ffn_logit": 0.35666427420357527,
      "mean_residual_logit": 2.461895429481894,
      "mean_attn_norm": 894.6685625496557,
      "mean_ffn_norm": 2084.492003360037
    },
    "10": {
      "mean_attn_logit": 6.652166623180196,
      "mean_ffn_logit": -0.8168161198244257,
      "mean_residual_logit": 2.2084515983775512,
      "mean_attn_norm": 447.4766850875596,
      "mean_ffn_norm": 1756.2172044657045
    },
    "11": {
      "mean_attn_logit": 3.9255312883247764,
      "mean_ffn_logit": -0.4147951057401754,
      "mean_residual_logit": 1.7529979921498542,
      "mean_attn_norm": 478.44645302982656,
      "mean_ffn_norm": 3486.201225668697
    },
    "12": {
      "mean_attn_logit": -1.1194695976831146,
      "mean_ffn_logit": 2.1237316828663064,
      "mean_residual_logit": 1.704105398412478,
      "mean_attn_norm": 641.8427636098054,
      "mean_ffn_norm": 2069.289503194518
    },
    "13": {
      "mean_attn_logit": -2.210303661176714,
      "mean_ffn_logit": -0.26478347182273865,
      "mean_residual_logit": 1.4168007803165306,
      "mean_attn_norm": 595.2484963627185,
      "mean_ffn_norm": 2403.48264739473
    },
    "14": {
      "mean_attn_logit": 4.132236316042431,
      "mean_ffn_logit": 0.1378870333655406,
      "mean_residual_logit": 1.5387878018920704,
      "mean_attn_norm": 1055.502995895127,
      "mean_ffn_norm": 2209.83955616062
    },
    "15": {
      "mean_attn_logit": 11.234116416866497,
      "mean_ffn_logit": -1.1762135453143363,
      "mean_residual_logit": 1.829875704090474,
      "mean_attn_norm": 941.651403394796,
      "mean_ffn_norm": 1603.5878285553497
    },
    "16": {
      "mean_attn_logit": 6.511175660763756,
      "mean_ffn_logit": 11.700183946197315,
      "mean_residual_logit": 2.6912594599238897,
      "mean_attn_norm": 1132.4125635179423,
      "mean_ffn_norm": 1229.8176455740202
    },
    "17": {
      "mean_attn_logit": 10.084902650218899,
      "mean_ffn_logit": 6.341719658698066,
      "mean_residual_logit": 3.2152654887255974,
      "mean_attn_norm": 843.093851380429,
      "mean_ffn_norm": 1914.9702417405986
    },
    "18": {
      "mean_attn_logit": -0.733255908650867,
      "mean_ffn_logit": 2.389478364233243,
      "mean_residual_logit": 3.0787056174318668,
      "mean_attn_norm": 1092.230778063758,
      "mean_ffn_norm": 1814.471607272908
    },
    "19": {
      "mean_attn_logit": -0.7125231280165204,
      "mean_ffn_logit": 12.182375467429727,
      "mean_residual_logit": 3.5743415547629533,
      "mean_attn_norm": 743.5737646070577,
      "mean_ffn_norm": 1719.9941137281514
    },
    "20": {
      "mean_attn_logit": 10.439820358308696,
      "mean_ffn_logit": 11.960448406510434,
      "mean_residual_logit": 4.529176372592732,
      "mean_attn_norm": 1136.1870282706568,
      "mean_ffn_norm": 1838.2358212228548
    },
    "21": {
      "mean_attn_logit": 17.22767151614367,
      "mean_ffn_logit": 20.88487184653848,
      "mean_residual_logit": 6.503581002607184,
      "mean_attn_norm": 1606.0523060944122,
      "mean_ffn_norm": 2287.202351198358
    },
    "22": {
      "mean_attn_logit": 11.780390583862692,
      "mean_ffn_logit": 16.837184417045723,
      "mean_residual_logit": 7.935613678673566,
      "mean_attn_norm": 1495.05615234375,
      "mean_ffn_norm": 2651.986870199947
    },
    "23": {
      "mean_attn_logit": -2.097901887812857,
      "mean_ffn_logit": 26.737902584722487,
      "mean_residual_logit": 9.709163471803826,
      "mean_attn_norm": 1497.0670703952596,
      "mean_ffn_norm": 2882.966453422934
    },
    "24": {
      "mean_attn_logit": 96.4498643390203,
      "mean_ffn_logit": 28.31123002706948,
      "mean_residual_logit": 17.51406314009327,
      "mean_attn_norm": 2307.2658318988347,
      "mean_ffn_norm": 3505.4000720007944
    },
    "25": {
      "mean_attn_logit": -2.473040511547509,
      "mean_ffn_logit": 55.45651788226629,
      "mean_residual_logit": 21.389349969766908,
      "mean_attn_norm": 2971.9883474576272,
      "mean_ffn_norm": 3960.3543101165255
    },
    "26": {
      "mean_attn_logit": 72.40342172525696,
      "mean_ffn_logit": 32.428249666246316,
      "mean_residual_logit": 27.231939041008385,
      "mean_attn_norm": 2291.6950538764568,
      "mean_ffn_norm": 4719.584476794226
    },
    "27": {
      "mean_attn_logit": -7.27427696979652,
      "mean_ffn_logit": 28.535984112044513,
      "mean_residual_logit": 26.84281640133615,
      "mean_attn_norm": 3421.588523735434,
      "mean_ffn_norm": 4682.171121888242
    },
    "28": {
      "mean_attn_logit": -0.8018555014820422,
      "mean_ffn_logit": 14.669186222351204,
      "mean_residual_logit": 25.611546726550085,
      "mean_attn_norm": 3594.7016808461335,
      "mean_ffn_norm": 4893.391117419226
    },
    "29": {
      "mean_attn_logit": -1.8954089273840695,
      "mean_ffn_logit": -6.257805994001486,
      "mean_residual_logit": 23.91235463093903,
      "mean_attn_norm": 2060.975772146451,
      "mean_ffn_norm": 4814.228035619703
    },
    "30": {
      "mean_attn_logit": 1.9531636783632182,
      "mean_ffn_logit": -10.86100703780934,
      "mean_residual_logit": 22.794908264936026,
      "mean_attn_norm": 1701.5249457925054,
      "mean_ffn_norm": 4710.610426046081
    },
    "31": {
      "mean_attn_logit": 36.40938787945246,
      "mean_ffn_logit": -14.71877194461176,
      "mean_residual_logit": 21.961146629462807,
      "mean_attn_norm": 2995.0219933461335,
      "mean_ffn_norm": 5162.407292770127
    },
    "32": {
      "mean_attn_logit": -43.34095929032665,