{
  "n_entities": 453,
  "hidden_size": 2560,
  "thresholds": {
    "50": 83,
    "80": 219,
    "90": 298,
    "95": 353,
    "99": 420,
    "999": 445
  },
  "top_singular_values": [
    221.09671020507812,
    150.2357177734375,
    142.539306640625,
    103.0788345336914,
    97.69639587402344,
    88.82373809814453,
    88.17151641845703,
    84.74343872070312,
    82.64996337890625,
    79.57454681396484,
    77.45416259765625,
    74.68514251708984,
    73.43724060058594,
    73.1304931640625,
    70.20199584960938,
    69.50154113769531,
    67.75968170166016,
    67.61602783203125,
    66.47694396972656,
    66.18384552001953,
    65.61864471435547,
    65.28800201416016,
    64.56063079833984,
    64.06529235839844,
    63.689910888671875,
    63.00469207763672,
    62.73212432861328,
    62.26857376098633,
    61.6999626159668,
    61.33302307128906,
    60.940677642822266,
    60.76732635498047,
    60.415435791015625,
    60.09672546386719,
    59.750003814697266,
    59.55485916137695,
    59.125587463378906,
    58.92488098144531,
    58.66032409667969,
    58.322166442871094,
    57.99834442138672,
    57.83340072631836,
    57.418052673339844,
    57.32410430908203,
    56.849395751953125,
    56.62950897216797,
    56.39797592163086,
    56.09736633300781,
    55.991416931152344,
    55.92833709716797,
    55.76008605957031,
    55.48658752441406,
    55.19499206542969,
    54.94392776489258,
    54.77388381958008,
    54.415443420410156,
    54.32417297363281,
    54.254398345947266,
    53.863067626953125,
    53.76769256591797,
    53.61362838745117,
    53.35099792480469,
    53.13612365722656,
    53.04804611206055,
    52.819637298583984,
    52.67211151123047,
    52.46570587158203,
    52.33401870727539,
    52.20464324951172,
    52.008384704589844,
    51.87727737426758,
    51.83051681518555,
    51.610599517822266,
    51.45709991455078,
    51.321983337402344,
    51.10491943359375,
    50.87861633300781,
    50.7319450378418,
    50.58456802368164,
    50.424678802490234,
    50.31242752075195,
    50.13190460205078,
    50.084625244140625,
    49.96571731567383,
    49.70027542114258,
    49.51400375366211,
    49.43967056274414,
    49.369972229003906,
    49.04348373413086,
    48.8934211730957,
    48.756961822509766,
    48.534786224365234,
    48.39313507080078,
    48.23432159423828,
    48.13887023925781,
    48.070926666259766,
    47.96488952636719,
    47.719844818115234,
    47.6749267578125,
    47.458831787109375
  ],
  "cumulative_variance": [
    0.061603326350450516,
    0.09004702419042587,
    0.11565108597278595,
    0.12904101610183716,
    0.14106911420822144,
    0.151011660695076,
    0.160808727145195,
    0.16985879838466644,
    0.17846724390983582,
    0.18644696474075317,
    0.19400708377361298,
    0.20103633403778076,
    0.20783263444900513,
    0.2145722657442093,
    0.22078293561935425,
    0.22687029838562012,
    0.2326563596725464,
    0.23841789364814758,
    0.24398694932460785,
    0.24950700998306274,
    0.2549331784248352,
    0.26030483841896057,
    0.2655574381351471,
    0.27072978019714355,
    0.2758416533470154,
    0.280844122171402,
    0.2858034074306488,
    0.2906896770000458,
    0.2954871356487274,
    0.30022767186164856,
    0.30490776896476746,
    0.30956125259399414,
    0.3141610324382782,
    0.31871238350868225,
    0.3232113718986511,
    0.3276810348033905,
    0.3320864737033844,
    0.3364621102809906,
    0.3407984972000122,
    0.3450850248336792,
    0.349324107170105,
    0.3535390794277191,
    0.35769376158714294,
    0.361834853887558,
    0.36590760946273804,
    0.36994898319244385,
    0.3739573061466217,
    0.37792304158210754,
    0.38187381625175476,
    0.38581568002700806,
    0.3897338807582855,
    0.39361372590065,
    0.3974529206752777,
    0.4012572765350342,
    0.40503811836242676,
    0.4087696075439453,
    0.4124886095523834,
    0.4161980450153351,
    0.41985416412353516,
    0.42349737882614136,
    0.4271197021007538,
    0.430706650018692,
    0.43426474928855896,
    0.43781107664108276,
    0.44132691621780396,
    0.44482314586639404,
    0.4482920467853546,
    0.45174354314804077,
    0.45517799258232117,
    0.4585866630077362,
    0.46197816729545593,
    0.46536359190940857,
    0.46872031688690186,
    0.47205713391304016,
    0.4753764271736145,
    0.4786677062511444,
    0.4819298982620239,
    0.4851733148097992,
    0.4883979260921478,
    0.49160218238830566,
    0.4947921931743622,
    0.49795934557914734,
    0.5011205077171326,
    0.5042666792869568,
    0.5073795318603516,
    0.5104690790176392,
    0.5135493874549866,
    0.5166209936141968,
    0.5196520686149597,
    0.5226646661758423,
    0.5256604552268982,
    0.5286290645599365,
    0.5315803289413452,
    0.5345122218132019,
    0.5374325513839722,
    0.5403446555137634,
    0.5432438850402832,
    0.5461136102676392,
    0.5489779114723206,
    0.5518163442611694
  ]
}