{
  "n_train": 81,
  "n_test": 21,
  "real_correct": 15,
  "learned_correct": 0,
  "train_r2": {
    "0": 0.999999460149134,
    "1": 0.9999994482938201,
    "2": 0.9999994369735477,
    "3": 0.9999994419434436,
    "4": 0.9999994012943162,
    "5": 0.9999994553461179,
    "6": 0.9999994368417531,
    "7": 0.9999993827660436,
    "8": 0.9999992418981708,
    "9": 0.9999992577442561,
    "10": 0.9999992160671263,
    "11": 0.999998910673021,
    "12": 0.9999986372532537,
    "13": 0.9999986785522593,
    "14": 0.9999989236302067,
    "15": 0.9999990282247136,
    "16": 0.9999990113580463,
    "17": 0.9999991345107414,
    "18": 0.9999990987956822,
    "19": 0.9999990715359962,
    "20": 0.9999990260625157,
    "21": 0.999999188756198,
    "22": 0.9999991427907203,
    "23": 0.9999992331628254,
    "24": 0.999999266503518,
    "25": 0.9999992892174954,
    "26": 0.9999993107489551,
    "27": 0.9999992995857782,
    "28": 0.9999992907706412,
    "29": 0.9999992895906752,
    "30": 0.9999992988512288,
    "31": 0.999999295423117,
    "32": 0.9999993062690716,
    "33": 0.9999993540038274
  },
  "test_r2": {
    "0": 0.19893633586167225,
    "1": 0.18829749305279142,
    "2": 0.17261388967942692,
    "3": 0.1563447216119952,
    "4": 0.10273579863854787,
    "5": 0.1068965627254278,
    "6": 0.004351035122864388,
    "7": -0.060251807191805895,
    "8": -0.27255910445087395,
    "9": -0.4988416303125853,
    "10": -0.7501709731405102,
    "11": -1.1240377174598466,
    "12": -1.1495199327299153,
    "13": -1.6559759000942242,
    "14": -1.3442497747166833,
    "15": -0.9562879259398644,
    "16": -1.2050449860202193,
    "17": -0.8638282348099287,
    "18": -1.0142313482163856,
    "19": -1.059489163025607,
    "20": -0.9417438115984262,
    "21": -0.5050223099916757,
    "22": -0.4766336047632185,
    "23": -0.2883087284958643,
    "24": -0.25925470792818306,
    "25": -0.23325519660957728,
    "26": -0.159691458770439,
    "27": -0.17135666179081777,
    "28": -0.23782434606649772,
    "29": -0.22996568897498948,
    "30": -0.12378353398277087,
    "31": -0.1436083174861944,
    "32": -0.0800455602544401,
    "33": 0.027001493241913477
  }
}