{
  "n_train": 81,
  "n_test": 21,
  "best_per_layer": {
    "0": {
      "rank": 81,
      "cos": 0.39356741309165955
    },
    "1": {
      "rank": 81,
      "cos": 0.35836637020111084
    },
    "2": {
      "rank": 81,
      "cos": 0.4284180700778961
    },
    "3": {
      "rank": 40,
      "cos": 0.40818342566490173
    },
    "4": {
      "rank": 81,
      "cos": 0.2798841595649719
    },
    "5": {
      "rank": 81,
      "cos": 0.6918776631355286
    },
    "6": {
      "rank": 81,
      "cos": 0.4993118941783905
    },
    "7": {
      "rank": 81,
      "cos": 0.45791906118392944
    },
    "8": {
      "rank": 10,
      "cos": 0.2915104627609253
    },
    "9": {
      "rank": 40,
      "cos": 0.601655125617981
    },
    "10": {
      "rank": 10,
      "cos": 0.5389395952224731
    },
    "11": {
      "rank": 20,
      "cos": 0.4275422692298889
    },
    "12": {
      "rank": 10,
      "cos": 0.4698132872581482
    },
    "13": {
      "rank": 20,
      "cos": 0.4289955794811249
    },
    "14": {
      "rank": 10,
      "cos": 0.4455562233924866
    },
    "15": {
      "rank": 81,
      "cos": 0.6064571142196655
    },
    "16": {
      "rank": 40,
      "cos": 0.4100814461708069
    },
    "17": {
      "rank": 40,
      "cos": 0.5773642659187317
    },
    "18": {
      "rank": 81,
      "cos": 0.5373448133468628
    },
    "19": {
      "rank": 40,
      "cos": 0.580295205116272
    },
    "20": {
      "rank": 81,
      "cos": 0.5793980360031128
    },
    "21": {
      "rank": 81,
      "cos": 0.38950514793395996
    },
    "22": {
      "rank": 81,
      "cos": 0.5070503950119019
    },
    "23": {
      "rank": 81,
      "cos": 0.3364601731300354
    },
    "24": {
      "rank": 81,
      "cos": 0.4575529098510742
    },
    "25": {
      "rank": 81,
      "cos": 0.6454310417175293
    },
    "26": {
      "rank": 81,
      "cos": 0.4044177532196045
    },
    "27": {
      "rank": 81,
      "cos": 0.3823288381099701
    },
    "28": {
      "rank": 81,
      "cos": 0.5662573575973511
    },
    "29": {
      "rank": 40,
      "cos": 0.3116050362586975
    },
    "30": {
      "rank": 81,
      "cos": 0.2672913372516632
    },
    "31": {
      "rank": 40,
      "cos": 0.32070258259773254
    },
    "32": {
      "rank": 40,
      "cos": 0.3014078736305237
    },
    "33": {
      "rank": 40,
      "cos": 0.4463709890842438
    }
  }
}