{
  "countries": {
    "n": 107,
    "dims": {
      "50": 25,
      "90": 81,
      "95": 91,
      "99": 101
    },
    "gap_dim": 1,
    "gap_ratio": 1.642958641052246
  },
  "cities": {
    "n": 94,
    "dims": {
      "50": 25,
      "90": 73,
      "95": 81,
      "99": 90
    },
    "gap_dim": 1,
    "gap_ratio": 1.5598115921020508
  },
  "scientists": {
    "n": 57,
    "dims": {
      "50": 17,
      "90": 45,
      "95": 50,
      "99": 55
    },
    "gap_dim": 1,
    "gap_ratio": 1.447627067565918
  },
  "musicians": {
    "n": 35,
    "dims": {
      "50": 12,
      "90": 27,
      "95": 30,
      "99": 34
    },
    "gap_dim": 34,
    "gap_ratio": 2442208.0
  },
  "elements": {
    "n": 65,
    "dims": {
      "50": 17,
      "90": 45,
      "95": 54,
      "99": 62
    },
    "gap_dim": 1,
    "gap_ratio": 1.2637807130813599
  },
  "animals": {
    "n": 56,
    "dims": {
      "50": 20,
      "90": 45,
      "95": 50,
      "99": 54
    },
    "gap_dim": 1,
    "gap_ratio": 1.1854215860366821
  }
}