{
  "capital_of": {
    "n_pairs": 70,
    "dims": {
      "0.5": 22,
      "0.8": 45,
      "0.9": 55,
      "0.95": 61,
      "0.99": 66
    },
    "gap_dim": 2,
    "gap_ratio": 1.3825193643569946
  },
  "language_of": {
    "n_pairs": 34,
    "dims": {
      "0.5": 9,
      "0.8": 20,
      "0.9": 25,
      "0.95": 29,
      "0.99": 32
    },
    "gap_dim": 1,
    "gap_ratio": 1.3197983503341675
  },
  "continent_of": {
    "n_pairs": 46,
    "dims": {
      "0.5": 5,
      "0.8": 23,
      "0.9": 33,
      "0.95": 39,
      "0.99": 44
    },
    "gap_dim": 3,
    "gap_ratio": 1.5538432598114014
  },
  "born_in": {
    "n_pairs": 33,
    "dims": {
      "0.5": 7,
      "0.8": 17,
      "0.9": 23,
      "0.95": 27,
      "0.99": 31
    },
    "gap_dim": 2,
    "gap_ratio": 1.1896748542785645
  }
}