{
  "total_vectors": 143360,
  "hidden_size": 2560,
  "knowledge_layers": [
    14,
    15,
    16,
    17,
    18,
    19,
    20,
    21,
    22,
    23,
    24,
    25,
    26,
    27
  ],
  "thresholds": {
    "0.9": 2105,
    "0.95": 2299,
    "0.99": 2485,
    "0.999": 2547
  },
  "spectral_gap_dim": 1,
  "top_singular_values": [
    19.457088470458984,
    17.356082916259766,
    15.529848098754883,
    14.614995002746582,
    14.289398193359375,
    13.974058151245117,
    13.807188987731934,
    13.618491172790527,
    13.537632942199707,
    13.34719181060791,
    13.312175750732422,
    13.223954200744629,
    12.971720695495605,
    12.940608978271484,
    12.853352546691895,
    12.702863693237305,
    12.604877471923828,
    12.565488815307617,
    12.492409706115723,
    12.43185043334961,
    12.37867259979248,
    12.298408508300781,
    12.224396705627441,
    12.12976360321045,
    12.057992935180664,
    11.969049453735352,
    11.942187309265137,
    11.904742240905762,
    11.822030067443848,
    11.776533126831055,
    11.705678939819336,
    11.694855690002441,
    11.617055892944336,
    11.599417686462402,
    11.571778297424316,
    11.522265434265137,
    11.441967964172363,
    11.390721321105957,
    11.342059135437012,
    11.324947357177734,
    11.281808853149414,
    11.258147239685059,
    11.226893424987793,
    11.1719970703125,
    11.144047737121582,
    11.127861022949219,
    11.074504852294922,
    11.037921905517578,
    11.033751487731934,
    10.980236053466797
  ],
  "cumulative_variance": [
    0.0025815756525844336,
    0.0046357279643416405,
    0.006280340254306793,
    0.007736894302070141,
    0.00912927184253931,
    0.010460873134434223,
    0.011760862544178963,
    0.013025561347603798,
    0.014275286346673965,
    0.015490096993744373,
    0.016698544844985008,
    0.01789102703332901,
    0.019038451835513115,
    0.02018037997186184,
    0.02130696177482605,
    0.02240731567144394,
    0.02349075861275196,
    0.024567442014813423,
    0.02563163824379444,
    0.026685543358325958,
    0.02773044817149639,
    0.0287618488073349,
    0.02978087216615677,
    0.030784180387854576,
    0.03177564963698387,
    0.03275254741311073,
    0.033725060522556305,
    0.03469148650765419,
    0.03564453125,
    0.036590252071619034,
    0.03752463310956955,
    0.03845728188753128,
    0.03937756270170212,
    0.04029505327343941,
    0.0412081778049469,
    0.04211350530385971,
    0.043006256222724915,
    0.04389102756977081,
    0.044768255203962326,
    0.04564283788204193,
    0.04651077464222908,
    0.04737507179379463,
    0.04823457449674606,
    0.049085695296525955,
    0.0499325655400753,
    0.05077696964144707,
    0.051613301038742065,
    0.05244411528110504,
    0.053274303674697876,
    0.05409645289182663
  ]
}